user_id,avg_hold,hold_variance,avg_pause,kpm,backspace_rate,stress_level
U07,0.129696493,0.016731191,0.455863354,48.0,0.104166667,1.0
U07,1.822164913,58.00177753,0.430999807,117.0,0.188034188,1.0
U07,0.15980429,0.266619088,0.551164734,95.0,0.021052632,
U07,0.115751205,0.009328633,0.281967052,172.0,0.11627907,
U07,0.366503118,6.527081882,0.610662499,99.0,0.111111111,
U07,0.352798443,5.363715773,0.309816835,191.0,0.036649215,
U07,1.030264612,5.28028856,0.490802387,102.0,0.166666667,
U07,0.101725414,0.000870113,1.26993123,45.0,0.044444444,3.0
U07,0.121918917,0.013802479,0.531477847,80.0,0.0375,3.0
U07,0.696437773,10.56968595,0.683054899,87.0,0.137931034,
U07,0.201129651,0.037831793,0.397886863,27.0,0.074074074,
U07,0.104424286,0.000597796,0.878814909,10.0,0.2,
U07,0.157285489,0.025906498,0.457501721,85.0,0.011764706,
U07,0.156271249,0.120820665,0.748809781,80.0,0.15,
U07,0.100663158,0.000740184,1.323419199,26.0,0.115384615,
U07,0.128598339,0.007998729,1.017865139,58.0,0.068965517,2.0
U07,0.092910619,0.001609092,1.864696932,31.0,0.129032258,2.0
U07,0.149264901,0.009369108,1.213959049,28.0,0.142857143,
U07,0.106619075,0.002025067,0.341571407,86.0,0.058139535,
U07,0.158899528,0.029763357,0.522550607,69.0,0.028985507,
U07,0.122180364,0.005480694,0.365304738,42.0,0.0,
U07,0.115640623,0.01211329,0.501308968,102.0,0.058823529,
U07,0.396034082,0.003422287,4.414344168,6.0,0.0,4.0
U07,0.182304633,0.172459941,0.259444696,67.0,0.223880597,1.0
U07,0.136283696,0.002254097,1.282279158,6.0,0.0,1.0
U07,0.736675955,4.499591678,0.298176826,76.0,0.118421053,
U07,0.101949754,0.001855691,0.753096431,73.0,0.04109589,
U07,0.085333029,1.69e-05,3.437693954,3.0,0.0,
U07,0.118173778,0.001237226,0.178600868,4.0,0.0,
U07,0.119222482,0.002406064,0.483842373,3.0,0.0,
U07,0.12089341,0.009499659,0.314146757,48.0,0.145833333,
U07,0.094241836,0.000752544,1.557243991,11.0,0.0,
U07,0.143673297,0.012831103,0.406387726,31.0,0.0,1.0
U07,0.100205104,0.001574763,0.165145094,12.0,0.0,1.0
U07,0.109375301,0.002924336,0.277592841,39.0,0.025641026,2.0
U07,1.13120532,0.023191522,0.08723017,21.0,0.0,2.0
U07,0.194607449,0.050464709,0.579467392,11.0,0.0,
U07,0.063157585,0.000187146,3.903825313,9.0,0.0,1.0
U07,0.090183953,0.000947225,0.259894566,12.0,0.083333333,1.0
U07,0.084186983,0.000327498,0.455359221,5.0,0.2,
U07,0.100623031,0.001269465,1.569081441,24.0,0.041666667,2.0
U07,0.092844168,9.81e-05,4.371636868,6.0,0.166666667,2.0
U07,2.157469114,1.661703106,1.967152286,11.0,0.0,
U07,0.090513527,0.000111596,0.371695042,4.0,0.0,3.0
U07,0.082752705,0.000164804,0.493237317,5.0,0.2,3.0
U07,0.081636906,0.00163541,9.310292721,3.0,0.0,3.0
U07,0.102147844,0.001775195,0.242103773,46.0,0.086956522,3.0
U07,0.16502279,0.005137025,1.330336253,4.0,0.0,
U07,0.012970368,2.72e-05,0.220973134,3.0,0.0,1.0
U07,0.523507807,3.817988248,0.410211123,79.0,0.012658228,1.0
U07,0.30884227,1.433484204,0.654126552,89.0,0.011235955,
U07,0.10720365,0.00096723,0.47485116,126.0,0.047619048,
U07,0.105160556,0.000924806,0.203735285,44.0,0.022727273,
U07,0.109106496,0.004578711,0.636449019,76.0,0.078947368,
U07,0.10208202,0.001386945,0.673255422,90.0,0.0,
U07,0.100585373,0.003358008,0.711912516,85.0,0.0,
U07,0.10639106,0.001655662,0.751291553,80.0,0.0375,2.0
U07,0.122036329,0.015689399,0.373337863,160.0,0.15625,2.0
U07,0.10059201,0.001793416,0.897060983,67.0,0.044776119,
U07,0.513665863,1.955809627,0.35933866,132.0,0.143939394,
U07,0.74705526,30.0451949,0.658935608,91.0,0.120879121,
U07,0.133480919,0.012808018,1.210908019,50.0,0.02,
U07,0.258901145,1.646929751,0.35739785,168.0,0.077380952,
U07,0.095526784,0.003311235,0.793794703,75.0,0.066666667,
U07,0.112710602,0.005585289,0.758660759,71.0,0.014084507,
U07,0.107235267,0.002479162,0.469101378,66.0,0.060606061,1.0
U07,0.120534097,0.010383318,0.451110487,82.0,0.012195122,1.0
U07,0.109349635,0.002687904,0.516558484,99.0,0.070707071,
U07,0.102069026,0.001073821,0.56964176,64.0,0.078125,
U07,0.167188071,0.067815233,0.517898134,38.0,0.026315789,1.0
U07,0.079813957,4.81e-05,3.582729101,4.0,0.0,1.0
U07,0.14954149,0.040169409,1.557447546,35.0,0.085714286,
U07,0.377231782,6.703423903,0.295909158,203.0,0.02955665,
U07,0.525626595,5.371870393,0.44975509,134.0,0.104477612,
U07,0.486801207,11.28951468,0.343539366,173.0,0.040462428,
U07,0.104842188,0.002575458,0.306982605,134.0,0.037313433,
U07,0.101541077,0.001800124,0.495557347,93.0,0.11827957,
U07,0.603396001,4.421896063,0.452447937,90.0,0.144444444,
U07,0.295518532,4.413311604,0.417048661,143.0,0.055944056,
U07,0.117270029,0.007959607,0.358132523,112.0,0.116071429,
U07,0.329164109,2.032292872,0.298358779,113.0,0.026548673,
U07,0.090079731,0.00108094,0.800831771,31.0,0.0,
U07,0.116266845,0.006520909,0.654538393,68.0,0.0,
U07,0.09085408,0.00137038,0.427369191,66.0,0.075757576,
U07,0.138248217,0.008957662,1.16716965,40.0,0.15,
U07,0.096453935,0.000422634,1.093528465,55.0,0.018181818,
U07,0.087786913,0.000247847,0.515551686,27.0,0.074074074,2.0
U07,0.124380086,0.008691104,0.311849251,94.0,0.010638298,2.0
U07,0.138471127,0.009420522,0.653882545,47.0,0.0,
U07,0.119841309,0.009214198,0.379033682,52.0,0.038461538,
U07,0.561466324,8.680973596,0.278355443,211.0,0.066350711,
U07,0.098001991,0.004749023,0.833929979,72.0,0.041666667,
U07,0.105512755,0.012458964,0.340059955,141.0,0.14893617,
U07,0.122697624,0.010738124,0.462607271,90.0,0.077777778,1.0
U07,0.43381092,9.074762211,0.516175119,108.0,0.027777778,1.0
U07,0.155859257,0.026203293,0.791923473,68.0,0.014705882,
U07,0.109858414,0.002860958,0.476382809,88.0,0.0,
U07,0.339121682,0.893766557,0.299062314,200.0,0.025,
U07,0.284276357,4.835728277,0.36621967,162.0,0.055555556,
U07,0.123755081,0.011256285,1.842757472,30.0,0.0,
U07,0.130630923,0.017284901,0.79878356,51.0,0.058823529,
U07,0.104586855,0.002344827,0.266490187,149.0,0.040268456,1.0
U07,0.152095118,0.376636812,0.329444426,180.0,0.022222222,1.0
U07,0.398892645,7.199980573,0.305704567,192.0,0.078125,
U07,0.124355254,0.014771134,0.856072664,70.0,0.085714286,
U07,1.489803513,27.51747195,0.328856409,137.0,0.525547445,
U07,0.107855148,0.00289959,1.086557011,37.0,0.027027027,
U07,0.121293091,0.014515353,0.360271292,63.0,0.015873016,
U07,0.240178262,0.932355788,0.361953693,92.0,0.195652174,
U07,0.196692765,0.054097707,0.450461728,8.0,0.0,2.0
U07,0.365203818,4.437957208,0.384430152,123.0,0.048780488,2.0
U07,0.75166647,3.917467036,0.334698567,53.0,0.358490566,
U07,0.139411497,0.010378547,1.064705323,55.0,0.109090909,
U07,0.301040621,2.106913172,0.411114866,111.0,0.144144144,
U07,2.4002496,17.76504916,0.300864639,149.0,0.798657718,
U07,0.211264152,0.773170078,0.352936919,164.0,0.091463415,
U07,0.336150748,2.30761668,0.326272445,184.0,0.059782609,
U07,0.114501389,0.012678908,0.518162323,116.0,0.103448276,3.0
U07,0.119685311,0.018350166,0.611850076,83.0,0.277108434,3.0
U07,0.100569628,0.000800792,0.672126929,37.0,0.054054054,
U07,2.069153204,26.16572647,0.528055449,111.0,0.207207207,
U07,0.109179563,0.001029162,1.819250422,29.0,0.0,
U07,0.121321162,0.001237141,0.55449269,12.0,0.0,
U07,0.156759523,0.024581339,0.684173851,75.0,0.053333333,
U07,0.223877327,1.089671937,0.41698082,134.0,0.059701493,
U07,0.097308942,0.00194604,0.236994743,7.0,0.142857143,3.0
U07,0.081983685,5.09e-05,0.595861435,4.0,0.0,3.0
U07,0.100521065,0.001536916,0.298863749,75.0,0.0,
U07,0.093627974,0.001420048,0.380306221,54.0,0.055555556,
U07,0.115571781,0.005383197,0.266104739,77.0,0.064935065,
U07,2.989603571,50.82432833,0.231181843,173.0,0.554913295,2.0
U07,0.113605285,0.008149083,0.237631885,42.0,0.0,2.0
U07,0.134143439,0.030477576,0.459365529,131.0,0.251908397,
U07,0.178499376,0.065152735,0.643033151,92.0,0.054347826,
U07,1.787808668,34.57568355,0.425765858,141.0,0.163120567,
U07,0.237623732,1.672387845,0.463111303,130.0,0.023076923,
U07,1.645809951,36.20630245,0.265341375,217.0,0.115207373,
U07,0.162858807,0.588388937,0.379087479,157.0,0.044585987,1.0
U07,0.128316694,0.042292763,0.472548263,57.0,0.087719298,1.0
U07,0.082065811,0.000809436,0.724160969,25.0,0.12,
U07,0.098462582,0.00046204,1.435661499,14.0,0.0,
U07,2.333046362,33.5352796,0.930329689,29.0,0.827586207,
U07,0.087601768,0.001275221,0.467779124,54.0,0.12962963,
U07,0.114740352,0.009183809,0.272716788,116.0,0.051724138,
U07,0.119538433,0.009440321,0.367207333,163.0,0.055214724,3.0
U07,0.115287721,0.008341158,0.605496825,71.0,0.028169014,3.0
U07,0.352511184,1.747290968,0.697131859,57.0,0.105263158,
U07,0.121944618,0.003968372,0.595464029,45.0,0.088888889,
U07,0.119050295,0.007514401,0.523656383,95.0,0.094736842,
U07,0.093717664,0.001107408,1.676987341,36.0,0.0,
U07,0.092920834,0.000968212,1.131265226,54.0,0.055555556,
U07,0.130994442,0.015985019,0.508373611,50.0,0.04,
U07,0.055238485,5.22e-05,1.26676019,4.0,0.0,1.0
U07,0.180009629,0.023128245,0.613625893,29.0,0.0,1.0
U07,0.209681515,0.408796392,0.392879085,58.0,0.051724138,
U07,0.093116352,0.001247155,0.414119176,103.0,0.058252427,
U07,0.100266411,0.001824612,0.77933224,52.0,0.019230769,
U07,0.103669672,0.0016055,0.201556849,41.0,0.024390244,
U07,0.094883502,0.001419531,0.177676269,8.0,0.0,
U07,0.116147196,0.002305357,2.297039092,17.0,0.0,1.0
U07,0.175277849,0.06280376,0.321765864,28.0,0.642857143,1.0
U07,0.095308834,0.00128453,0.25713297,27.0,0.148148148,
U07,0.101587248,0.000956873,0.394699216,5.0,0.0,
U07,1.188220835,3.111834826,2.940594137,21.0,0.523809524,
U07,3.255111823,36.58430532,0.519227754,112.0,0.5,
U07,0.099072597,0.002502508,0.379589862,110.0,0.090909091,
U07,0.49765326,4.733861061,0.282370481,188.0,0.058510638,
U07,0.207593516,0.687006292,0.427270722,91.0,0.076923077,3.0
U07,2.974563531,87.97935886,0.723970729,78.0,0.217948718,3.0
U07,0.177928393,0.062691219,1.013729069,55.0,0.036363636,
U07,0.149814075,0.062410515,0.606722963,99.0,0.02020202,
U07,0.224320659,2.134874388,0.36465276,158.0,0.03164557,
U07,0.120698907,0.009807357,0.396143522,51.0,0.156862745,
U07,0.095018882,0.000979427,1.182150455,51.0,0.156862745,
U07,0.084898894,0.0006975,0.550977082,22.0,0.0,
U07,0.125374716,0.009678092,0.399664658,133.0,0.07518797,2.0
U07,0.402974578,8.748543362,0.291522396,193.0,0.07253886,2.0
U07,0.166344905,0.224710929,0.416464183,106.0,0.066037736,
U07,0.121935497,0.010622665,0.312877924,124.0,0.024193548,
U07,0.496164512,5.999445816,0.318531241,175.0,0.057142857,
U07,0.640787121,24.90778048,0.334210706,180.0,0.138888889,
U07,0.189660458,0.828227558,0.403546927,148.0,0.027027027,3.0
U07,0.11395679,0.000415377,0.519364715,19.0,0.052631579,3.0
U07,0.133756994,0.008864857,0.618040771,84.0,0.071428571,
U07,1.553996989,43.91052548,0.401711532,120.0,0.1,
U07,0.115186537,0.00876435,0.248889704,234.0,0.034188034,
U07,0.140097638,0.027710695,0.521674918,47.0,0.106382979,
U07,0.130774582,0.010657439,0.407892359,86.0,0.104651163,
U07,0.23364688,0.774167079,0.285785865,75.0,0.04,
U07,0.244208975,1.654422027,0.521781347,101.0,0.04950495,1.0
U07,0.135921633,0.012276861,0.746754508,20.0,0.05,1.0
U07,0.281939565,1.641655842,0.383429498,140.0,0.035714286,
U07,0.108904937,0.004174445,0.366191333,71.0,0.056338028,
U07,0.091589672,0.00044193,0.854957067,14.0,0.071428571,
U07,0.159039523,0.02294235,0.300939913,28.0,0.142857143,
U07,0.121813178,0.007719678,0.328413719,154.0,0.084415584,
U07,0.361382835,1.353131983,0.40534589,98.0,0.132653061,
U07,0.137496856,0.013674748,0.406759246,137.0,0.01459854,
U07,0.130775232,0.017312061,0.581819483,80.0,0.0625,
U07,0.118007572,0.00482698,0.581555468,81.0,0.086419753,
U07,0.317308153,2.89022391,0.441310214,134.0,0.067164179,2.0
U07,0.116332985,0.003733437,0.863326108,42.0,0.023809524,2.0
U07,0.159762441,0.024785437,0.716780286,39.0,0.102564103,2.0
U07,0.079047382,0.000123079,0.229003112,4.0,0.0,2.0
U07,0.1668430745601654,0.0575509150705894,0.302626249117729,40.0,0.0,
U07,0.119046631849037,0.0059601478005515,0.552316549782441,108.0,0.0277777777777777,
U07,0.1495860853502827,0.0283814364152072,0.453317185810634,71.0,0.0704225352112676,2.0
U07,0.389077378557874,3.1052804446698703,0.343780451510326,84.0,0.1666666666666666,2.0
U07,0.0985180364138838,0.0028450778306414,0.414628127041985,69.0,0.0869565217391304,
U07,0.1117295143651027,0.0023202572566612,0.8452281475067138,51.0,0.196078431372549,
U07,0.1513301134109497,0.0069609223438789,1.855821669101715,5.0,0.2,1.0
U07,0.1907760880210182,0.2055203622489066,0.8375650133405413,22.0,0.0,1.0
U07,0.1109899352578555,0.0027146992014871,0.7964384135077981,18.0,0.2222222222222222,
U07,0.1783952152027803,0.01100282735895,0.3199457228183746,17.0,0.0,
U07,0.1120926856994628,0.0026506799152434,0.1827400922775268,11.0,0.0,3.0
U07,0.1085482250560413,0.0022783774067796,0.3107865802172956,59.0,0.0677966101694915,3.0
U07,0.1179749568303426,0.0006431405563284,2.5973152897574683,12.0,0.0,
U07,0.1647799882021817,0.0375218730151208,1.449139068001195,20.0,0.5,
U07,0.1203749945134292,0.0156264635549256,0.3795341300964355,101.0,0.198019801980198,
U07,0.1184480587641398,0.0008212114506594,1.7377350807189942,6.0,0.0,
U07,0.1096045970916748,0.0014315078585127,2.5488113221668063,22.0,0.0,3.0
U07,0.2598511113060845,0.0774096636473727,0.5031520639147077,43.0,0.4883720930232558,3.0
U07,0.1290479302406311,0.0039348748682748,10.104143063227337,4.0,0.0,2.0
U07,0.1248079935709635,0.0007732345778524,13.603360295295715,3.0,0.0,2.0
U07,0.0806798338890075,0.0004274097244199,0.6253359317779541,5.0,0.0,2.0
U07,0.1411856214205424,0.0049877560088537,0.5367275476455688,13.0,0.0,2.0
U07,0.1118538704785433,0.0029412004670415,0.2110717503920845,24.0,0.0,
U07,1.9081557989120483,5.038533520489196,0.2880984115600586,26.0,0.0,2.0
U07,0.1008289869015033,0.0016098570229358,0.2785580859464757,52.0,0.0576923076923076,2.0
U07,0.0970036387443542,7.836772438096773e-05,0.2988328138987223,4.0,0.0,
U07,0.0977381093161446,0.0014003539860123,0.2070866425832112,70.0,0.0142857142857142,
U07,0.1857715050379435,0.0130372741990719,2.4114586353302,6.0,0.0,
U07,0.0987324118614196,0.0012926315912231,0.3586374918619792,4.0,0.0,1.0
U07,0.1079432639208707,0.0015550656651017,0.2043815567379906,22.0,0.0,1.0
U07,0.1159543480191912,0.0005028711477424,2.5630403665395884,14.0,0.0,
U07,0.1232640266418457,0.001271008489798,1.1283122433556452,10.0,0.0,2.0
U07,0.1575691103935241,0.0002982032440677,0.9257284005482992,4.0,0.0,2.0
U07,0.1063344592139834,0.0015401998859102,1.659673237800598,21.0,0.0,
U07,0.1065857328217605,0.0009340400044261,1.8261141606739588,29.0,0.0344827586206896,
U07,0.1027247905731201,0.0012247000434453,0.9041974652897228,67.0,0.0,
U07,0.1190746625264485,0.0023954924355899,7.841381311416626,5.0,0.0,2.0
U07,0.1181352138519287,0.001421731871892,0.6921989917755127,5.0,0.2,2.0
U07,0.1137627207714578,0.0008618714093543,1.0881413329731335,23.0,0.0434782608695652,2.0
U07,0.2236236425546499,0.1151560010739218,1.4441597557067871,26.0,0.0,2.0
U07,0.1660847928788927,0.0348871772978762,3.474051507314046,16.0,0.5,
U07,0.0900160860508046,0.0015491985859319,0.8361408964116522,48.0,0.0,2.0
U07,0.2357188363869985,0.2059621781064794,0.339417630228503,30.0,0.3,2.0
U07,0.1640908207212175,0.0274963375535287,1.0733660822329314,24.0,0.4583333333333333,
U07,0.1045071861960671,0.0013845122184143,0.2139706090092659,33.0,0.0303030303030303,1.0
U07,0.1233571767807006,0.0026396061821287,1.760272809437343,8.0,0.375,1.0
U07,0.131994746980213,0.0042040142964516,0.6894865870475769,21.0,0.0476190476190476,4.0
U07,0.1442107359568278,0.0001839252477995,0.5803213119506836,3.0,0.0,4.0
U07,0.1353924225787727,0.0176816598728281,0.5846250553925832,49.0,0.0,
U07,0.1731985600789388,0.0338787588899217,0.4545927289166028,80.0,0.15,
U07,0.1166481769691079,0.0028883328323516,0.3244835384960832,59.0,0.0169491525423728,
U07,0.1201261925318884,0.0054261388726562,0.4247077324593714,130.0,0.0923076923076923,
U07,0.1341546376546224,0.0088097578205987,0.4468144949744729,35.0,0.0571428571428571,
U07,0.1350435874041389,0.015993249982223,0.5170627453747918,86.0,0.0348837209302325,
U07,0.9799882329028584,4.616725152059407,0.4168212934702384,120.0,0.225,2.0
U07,0.7154984777623957,9.09697813351926,0.4385583029852973,136.0,0.1617647058823529,2.0
U07,0.5081843429141575,1.34278507779137,0.956200408084052,57.0,0.1228070175438596,
U07,5.687532045223095,91.18331814746487,0.6602556004243738,69.0,0.6811594202898551,
U07,0.1534445807337761,0.0368017908230617,0.5058231663394284,78.0,0.2307692307692307,
U07,0.1245492607355117,0.005971916317621,0.6152447402477265,81.0,0.0987654320987654,
U07,0.1321750349468655,0.0178363638339655,1.036274563182484,56.0,0.0357142857142857,
U07,0.1237242891077409,0.0115190732744605,1.0457581428059362,58.0,0.0,
U07,0.9346382574203912,6.918062260190579,0.4780563173755522,125.0,0.248,3.0
U07,0.1352005004882812,0.0212213576796656,0.7400607202873856,62.0,0.064516129032258,3.0
U07,0.1250793111735376,0.0086910103567885,1.395129680633545,29.0,0.0,
U07,0.3045845314607782,0.4079076607850687,0.3203722573816776,65.0,0.1846153846153846,
U07,0.3279956794646849,0.963868548715987,0.6842225255637333,88.0,0.1363636363636363,
U07,0.1112201086112431,0.0020612890760032,0.4973965542657034,57.0,0.0701754385964912,
U07,0.0465001463890075,0.0004425876645193,0.4914022286732991,4.0,0.0,
U07,0.1310149046682542,0.0182413637245673,0.8662288970634585,62.0,0.064516129032258,
U07,0.1094680527846018,0.0024421449539988,0.8206394731181942,74.0,0.0135135135135135,
U07,0.1438697131712045,0.0204905442523897,0.8076698780059814,74.0,0.1081081081081081,
U07,0.1341717612575477,0.0206379091732496,0.8531947987420219,71.0,0.0704225352112676,3.0
U07,0.1293953323364257,0.0128506631254498,0.4633130472759867,130.0,0.0692307692307692,3.0
U07,0.1792723973592122,0.0429216119361283,0.5143781537595002,24.0,0.125,
U07,0.4595672534062312,6.204872261960652,0.4777538843244036,108.0,0.25,
U07,2.1795521068573,62.47098834068185,0.5911086797714233,83.0,0.180722891566265,
U07,0.1124744609910614,0.0006801105852771,0.6387845824162165,49.0,0.0204081632653061,
U07,0.1498324473698934,0.0220951230435083,0.4825749629881324,42.0,0.0,
U07,0.1245074727562036,0.0124080190574936,0.580356313941184,90.0,0.0444444444444444,
U07,0.1082378019366348,0.0046669634847581,0.4389774297413073,58.0,0.0517241379310344,3.0
U07,0.6503389620965765,5.592360390463853,0.4157885261944362,141.0,0.1631205673758865,3.0
U07,0.4968663577375741,1.7006979881961253,0.9524039167624252,53.0,0.5660377358490566,
U07,0.1262661987735379,0.0183915604927468,0.4873976744138277,66.0,0.0454545454545454,
U07,0.4570480585098266,0.0583973656689664,0.3046566645304362,4.0,0.0,
U07,0.1782850954267713,0.0537567125603818,0.4524409846654014,64.0,0.078125,
U07,0.0834255516529083,0.0004730551106808,0.5743685790470668,8.0,0.0,
U07,0.0860588073730468,0.0014373478399966,0.316459596157074,5.0,0.0,
U07,0.3937691279820033,0.0176977673693736,0.2088973224163055,9.0,0.0,1.0
U07,0.1040221850077311,0.0002404876096054,9.109159708023071,3.0,0.0,1.0
U07,0.1370127995808919,0.0018554443246077,5.604057431221008,3.0,0.0,3.0
U07,0.0894382794698079,9.26254910432868e-05,23.205353498458862,3.0,0.0,1.0
U07,0.0658197402954101,0.0004765174144552,6.957493702570598,4.0,0.0,1.0
U07,0.1042882336510552,0.0034191201783087,3.321501864327325,19.0,0.0526315789473684,
U07,0.2601708008692814,0.3611134299955751,0.3481914579868316,81.0,0.2962962962962963,
U07,0.1458245221306296,0.0303826863559258,0.4531590118203112,94.0,0.0212765957446808,
U07,0.1219660148285982,0.0090662595845368,0.7685863344292891,58.0,0.0172413793103448,
U07,0.4692844019995795,3.071562647623646,0.390456949510882,125.0,0.192,
U07,0.1817786788940429,0.0533738484923809,1.0288959668607127,50.0,0.12,
U07,0.1523068857192993,0.0436103103363095,0.2911530468198988,55.0,0.0545454545454545,
U07,0.1100134784228181,0.0074072256504724,0.4094467048775659,147.0,0.0952380952380952,
U07,0.0947525486713502,0.002728520823991,0.3538025808052198,170.0,0.0411764705882352,
U07,0.3523837604270076,8.288984388497227,0.3515230649672214,160.0,0.05,
U07,0.1174012422561645,0.0109110473505609,1.0315981418528457,48.0,0.0833333333333333,
U07,0.13394495844841,0.0093143422280865,0.8866114775339763,16.0,0.3125,
U07,0.1268336122686212,0.0540128356709852,1.1082847192883492,33.0,0.0909090909090909,1.0
U07,0.1127297490142112,0.007476125192339,1.0412225325902302,43.0,0.0232558139534883,1.0
U07,0.1026652322875128,0.0033770985613817,0.336925949369158,36.0,0.0277777777777777,
U07,0.1481009500998037,0.0245631278414296,1.2332100042930016,27.0,0.0,
U07,0.5654594479945668,3.514116564684243,0.749736750125885,61.0,0.081967213114754,
U07,0.1385842164357503,0.0135009400099382,2.505119456185235,10.0,0.3,
U07,0.4941823720932007,2.26357947242364,0.9896127026656578,30.0,0.0333333333333333,
U07,0.1172007601311866,0.012989347720912,0.4058867825402154,145.0,0.0689655172413793,1.0
U07,0.1133286356925964,0.0097067196158698,0.4354855264386823,125.0,0.072,1.0
U07,0.1087950009566087,0.0082448239390888,1.3391759395599363,13.0,0.5384615384615384,
U07,0.1007530903548337,0.0029910530764794,0.5537437160363358,90.0,0.0222222222222222,
U07,0.1204890988089821,0.0034736304392073,0.9476300954818726,11.0,0.0909090909090909,1.0
U07,0.0713336467742919,0.0,6.169290542602539,3.0,0.0,1.0
U07,0.1295570646013532,0.0030667660436281,1.2574867010116575,21.0,0.0,
U07,0.4631874084472656,0.4554678184526756,0.1455626577701208,54.0,0.0,
U07,3.230133573214213,2.013189649297401,0.0971229941237206,103.0,0.9902912621359224,
U07,0.096494769056638,0.0022363272521955,0.4293782000846051,48.0,0.0625,1.0
U07,0.1202824978118247,0.0086497749819055,1.2466311402942822,47.0,0.0851063829787234,1.0
U07,0.132569670677185,0.0130067474086888,0.7579747994740804,46.0,0.1521739130434782,
U07,0.0962610683441162,0.0016088630333346,0.4726125001907348,127.0,0.0708661417322834,
U07,0.1321287552515665,0.0155582886133935,1.0306945403416952,31.0,0.032258064516129,
U07,0.1377336196045377,0.0132549351478063,0.3726561176243113,68.0,0.0588235294117647,
U07,0.1137105357157041,0.0054945590910892,0.3926756544178035,148.0,0.0608108108108108,
U07,0.1792689575546089,0.1952539946460939,0.6658502128389147,91.0,0.0879120879120879,
U07,0.2909097280995599,2.435315502666916,0.2002606734837571,147.0,0.2517006802721088,1.0
U07,0.0959956116146511,0.002160698942981,0.3444143159048898,36.0,0.0555555555555555,1.0
U07,0.1567187592534735,0.1622411747222081,0.4308824446594831,104.0,0.0384615384615384,
U07,0.1069587636412235,0.0043758744790896,0.4980787575244904,121.0,0.0495867768595041,
U07,0.1809696268152307,0.0947427492933505,0.6018330972702777,62.0,0.1451612903225806,
U07,0.8518723539403967,19.526991354944,1.057133642832438,46.0,0.2391304347826087,
U07,0.1107048771598122,0.0018410036298473,0.3754846738732379,24.0,0.0,
U07,0.1124282479286193,0.0005943455466557,0.993493012019566,8.0,0.0,1.0
U07,0.2239595284828772,0.0587691976921508,1.2905230522155762,26.0,0.0,1.0
U07,0.1462158069275973,0.0140725174554108,0.4510514423495433,62.0,0.0,
U07,0.1062481859455937,0.0034173784728329,0.2721073853558508,117.0,0.0598290598290598,
U07,0.3292090169845089,3.34495355561215,0.2992717042753968,159.0,0.0062893081761006,
U07,0.1318041359612701,0.0216400105941171,0.4890369803218518,119.0,0.134453781512605,
U07,0.1184603123769272,0.0098917536012085,0.3923890040471003,144.0,0.0902777777777777,
U07,0.1143617742770427,0.0067689528190767,0.3710747455295763,153.0,0.0588235294117647,
U07,0.2854349875854233,1.177374058044905,0.450982054695487,129.0,0.0697674418604651,
U07,0.1100106414995695,0.0036106876126163,0.3669695343290056,99.0,0.0606060606060606,1.0
U07,0.0947972306838402,0.0005012692411571,0.8165807677250282,52.0,0.0384615384615384,1.0
U07,0.5290499851107597,0.6904876479097019,0.6799036748707294,65.0,0.6923076923076923,
U07,0.1503731409708658,0.0273567348937585,1.304664082825184,33.0,0.0,
U07,0.1278304202216012,0.0166046682591676,2.01864669058058,28.0,0.2857142857142857,
U07,0.0915143527090549,0.0012364828589452,0.8572440336620997,64.0,0.09375,
U07,0.6930246574934139,2.929776609593942,0.2351068276077953,202.0,0.806930693069307,
U07,0.1963870308615944,0.038567725583556,5.839805603027344,11.0,0.2727272727272727,
U07,0.2222479055454204,1.2538513726391072,0.3600366130853311,157.0,0.0127388535031847,1.0
U07,0.1203631790060746,0.0086481066542248,0.5076579461663456,119.0,0.042016806722689,1.0
U07,0.1187952548265457,0.0113888692902828,0.4955724239349365,81.0,0.0493827160493827,
U07,0.1316986373952917,0.0183988723772364,0.4487473776465968,77.0,0.0779220779220779,
U07,0.0925060052138108,0.0006273914793171,1.1885220011075337,13.0,0.1538461538461538,
U07,0.2134000062942505,0.0579573547203532,0.5950094409610914,24.0,0.0416666666666666,1.0
U07,0.1052764014921326,0.0034609388710761,0.3594850851288924,142.0,0.0915492957746478,1.0
U07,0.1089001345256018,0.0023079352084673,0.5736354429330399,68.0,0.0147058823529411,
U07,0.1111273500654432,0.0109250827156437,0.5807033975919088,85.0,0.0588235294117647,
U07,0.1560620936480435,0.0311897588801111,2.140235798699515,22.0,0.2272727272727272,
U07,0.1080076301970133,0.0048120511283832,0.3153630551837739,169.0,0.029585798816568,
U07,0.0967172622680664,0.0006689645465905,1.697442807649311,20.0,0.05,
U07,0.5328201651573181,0.0905393484910739,0.1999982992808024,4.0,0.0,1.0
U07,0.1219117836076386,0.0099913226157743,0.5598427127389347,103.0,0.116504854368932,1.0
U07,0.1057538092136383,0.0205140043907581,1.1912029217451046,40.0,0.025,
U07,0.1304086079964271,0.0152453187564142,0.9765823682149252,55.0,0.0,
U07,0.1125619411468505,0.0049121776940785,0.8742702669567533,37.0,0.054054054054054,
U07,0.166727989912033,0.0394034812275596,0.6750853874466636,89.0,0.0561797752808988,
U07,3.6013961547662405,99.02760391306262,0.3749780250045488,160.0,0.16875,1.0
U07,0.099935632944107,0.004993087800511,0.7172512433615076,84.0,0.0119047619047619,1.0
U07,0.1086243839824901,0.0030138650661992,0.3381678407842463,177.0,0.0338983050847457,
U07,0.1101710210412235,0.0040458274650814,0.4871509656673524,124.0,0.0887096774193548,
U07,0.1139425717867337,0.0023022574741275,0.5602481533104265,72.0,0.0694444444444444,
U07,0.0976175665855407,0.0007893220303536,0.5252886499677386,8.0,0.125,
U07,0.1756270825862884,0.0488658596345109,0.4937118071096915,82.0,0.0121951219512195,
U07,1.733773378981757,36.27367420483532,0.5130410581021696,112.0,0.2321428571428571,
U07,0.1078095273538069,0.0048035793632043,0.5138530943128797,91.0,0.0219780219780219,
U07,0.1124096542596817,0.0116870110261313,0.5999862397654673,90.0,0.0555555555555555,1.0
U07,0.4638141563960484,0.2595454736171333,0.561276010104588,15.0,0.0,1.0
U07,0.1382038738416589,0.0324521609387714,0.5114102383964082,118.0,0.0762711864406779,
U07,0.125600462264203,0.0172363102252378,0.6243242790824488,96.0,0.0104166666666666,
U07,0.5872882093702044,12.430244086531218,0.3156104843473173,184.0,0.0543478260869565,
U07,0.4393149915367666,11.975261448191548,0.5735267672208276,102.0,0.1176470588235294,
U07,0.0893346518278122,0.0009309509076247,0.6630983166396618,65.0,0.1384615384615384,
U07,0.1024884195888743,0.002254737577473,0.2906217177708943,73.0,0.0273972602739726,
U07,2.4433361896096844,46.95070356141309,0.4744828990382007,118.0,0.5,1.0
U07,3.533695641018096,86.05395434535417,0.4112979198495547,97.0,0.4845360824742268,1.0
U07,0.0828826427459716,0.0005354339223231,1.2469043391091483,8.0,0.0,
U07,0.1668934586607379,0.0734533510559944,0.6691128790378571,81.0,0.074074074074074,
U07,0.1624034365018208,0.040000885132732,0.985447039038448,60.0,0.0166666666666666,
U07,0.1100637061255318,0.0041786848532752,1.755035127912249,29.0,0.2068965517241379,
U07,0.0990685683030348,0.0016435118224901,1.435940418243408,26.0,0.0384615384615384,
U07,0.0966347847276061,0.0012912559519123,0.4288162286464985,131.0,0.0916030534351145,
U07,0.1086846500314692,0.0093877754253643,0.6042466062180539,95.0,0.0,
U07,0.1066989989220341,0.0075067058491929,0.5254777180842864,79.0,0.1265822784810126,1.0
U07,0.2008877396583557,0.0634574573985572,0.3662904592660757,27.0,0.5555555555555556,1.0
U07,0.0935776996612548,0.0031901383943396,1.1851355932196792,50.0,0.08,
U07,0.0898588487976475,0.001514949332845,0.243435373553982,78.0,0.0769230769230769,
U07,0.0862322330474853,0.0017958608947628,0.1700150370597839,5.0,0.0,1.0
U07,0.0844713955709379,0.0011580031900824,0.362268960639222,74.0,0.0405405405405405,1.0
U07,0.0869386196136474,0.0010843193761841,0.3600623867728493,56.0,0.1071428571428571,
U07,0.0963053536969562,0.0016099383688713,1.1451803559348697,43.0,0.0,
U07,0.1142937541007995,0.001069485386008,3.8687251047654585,12.0,0.0,
U07,0.0623818635940551,0.0006241527093067,0.8781116008758545,3.0,0.0,
U07,0.1130873577617039,0.0023542705422625,0.291613241036733,133.0,0.037593984962406,
U07,0.1748058114733015,0.0202723732005667,1.7942750056584675,7.0,0.0,
U07,0.1145308282640245,0.0058907811951888,0.2353863443647112,36.0,0.0,
U07,0.1091394519805908,0.0018981152696072,0.3817872603734334,25.0,0.12,1.0
U07,0.0957062244415283,0.0001297871248198,0.3012324174245198,4.0,0.0,1.0
U07,0.0765309333801269,2.371397300748868e-05,3.1048123836517334,2.0,0.0,
U07,0.8960922043602746,8.500172116027382,0.307528279209865,132.0,0.2803030303030303,1.0
U07,0.069399356842041,3.455895972592771e-05,1.829265832901001,2.0,0.0,1.0
U07,0.1009802057387981,0.0025808575036044,0.2076869408289591,49.0,0.0,2.0
U07,0.6621112573046645,6.338076421285468,0.2356796494449477,250.0,0.128,2.0
U07,0.1134407520294189,0.0003458956167984,0.3076918125152588,3.0,0.0,
U07,0.2287900447845459,0.0386125227611415,0.5817485536847796,8.0,0.0,1.0
U07,1.2337432418550764,0.3564087651039454,0.3802789174593411,53.0,0.5471698113207547,1.0
U07,4.608480479982164,10.914261937484945,0.139516480385311,127.0,0.7716535433070866,
U07,0.0974994287258241,0.0024374656483292,0.197775932005894,82.0,0.024390243902439,
U07,0.0949803011757986,0.0016499301495298,0.1899654234156889,35.0,0.0,
U07,0.0896972464036571,0.0012564359883342,0.2254865206778049,129.0,0.0155038759689922,1.0
U07,0.3001178503036499,0.0396586938040618,7.075312232971191,6.0,0.0,1.0
U07,0.1649154980977376,0.0283411895250497,0.3356326988765171,15.0,0.0,1.0
U07,0.0844413638114929,0.000334034124787,0.317868777683803,8.0,0.0,
U07,0.1351051032543182,0.0166772799090955,0.4228813052177429,9.0,0.0,1.0
U07,0.2072909745303067,0.0523830653574234,0.5703013351985387,36.0,0.25,1.0
U07,0.2949239677853054,0.072197742032646,3.3536127595340504,18.0,0.0,
U07,0.1169546127319336,0.0033495154774163,0.5538964867591858,5.0,0.0,1.0
U07,0.1356333891550699,0.0006938027145729,10.264269590377808,6.0,0.0,1.0
U07,0.1069780190785725,0.0001640264112489,0.2873873710632324,3.0,0.0,
U07,0.1079849221489646,0.0030679038224013,0.3821449279785156,22.0,0.0454545454545454,
U07,0.121101306832355,0.0059360653996801,0.5410647888978323,25.0,0.12,
U07,0.5414882302284241,0.2004044170647709,2.1122488975524902,4.0,0.0,
U07,0.1082890033721923,0.0009911307383845,0.2238634933124889,12.0,0.0,1.0
U07,0.1086634000142415,0.0007551832955559,0.6375527815385298,12.0,0.25,1.0
U07,0.3796996275583903,0.0461038953342015,0.6086341142654419,3.0,0.0,
U07,1.3193084398905437,1.230070333254288,0.0881187109386219,69.0,0.9710144927536232,
U07,0.4094308853149414,0.1671461299297925,5.992426753044128,5.0,0.0,
U07,0.2886507014433543,0.2816456397719519,0.6826811461221605,43.0,0.4651162790697674,
U07,0.1111059756506057,0.0020206520180988,0.3365025633857363,22.0,0.0454545454545454,1.0
U07,0.2782379402833826,0.356217364597293,0.2011362865789612,135.0,0.437037037037037,1.0
U07,0.1624630292256673,0.0206209693340642,0.8645844676277854,12.0,0.0833333333333333,
U07,0.1830018812959844,0.0465505293010889,1.019357411066691,46.0,0.0434782608695652,
U07,0.1159017587962903,0.010633120670949,2.1235599517822266,22.0,0.2727272727272727,
U07,0.0966886111668178,0.0014220348774741,0.1698905097113715,28.0,0.0,3.0
U07,0.1565264860788981,0.0025480148611652,0.4018325805664062,3.0,0.0,3.0
U07,0.1078774134318033,0.0009359918087486,0.1770954132080078,9.0,0.0,
U07,0.092636729989733,0.0016342484338059,0.1537950890404837,29.0,0.0,
U07,0.1097773960658482,0.0083417021586637,0.7223357737064362,81.0,0.1481481481481481,
U07,0.096988372635423,0.0009861925825345,0.2973625659942627,57.0,0.0,1.0
U07,0.0853973494635687,0.0006513474344919,0.2154522207048204,10.0,0.1,1.0
U07,0.0868700969786871,0.0010010315803422,0.3649811411416658,94.0,0.0106382978723404,
U07,0.086926394701004,0.002090705116862,0.2719928741455078,41.0,0.024390243902439,
U07,0.0924755044885583,0.001264495858858,0.2339007875940821,112.0,0.0446428571428571,
U07,0.1108816163293246,0.0044288165236977,0.5029235907963344,99.0,0.0404040404040404,
U07,0.1277970127437425,0.013661310142671,0.7044858243730333,46.0,0.0217391304347826,1.0
U07,0.091370221340295,0.001766761733369,0.4475635215640068,33.0,0.2424242424242424,1.0
U07,0.1081661939620971,0.0025027439684411,1.150625097340551,30.0,0.0666666666666666,
U07,0.0969699791499546,0.0004751408334683,3.7349061171213775,7.0,0.0,
U07,0.2339232280606129,0.4738084165754938,0.4067482917339771,78.0,0.2692307692307692,
U07,0.0959306885214412,0.000875009800379,0.2316198068506577,18.0,0.0,
U07,0.0836529169763837,0.0009096670462104,0.367042038338316,164.0,0.0365853658536585,2.0
U07,0.0958388888317605,0.0023216591619808,2.431420553814281,23.0,0.0,2.0
U07,0.0847805112600326,0.0021087605407092,0.2090855338905431,80.0,0.0125,
U07,0.1341341102824491,0.0123895152085071,2.5389348003599377,19.0,0.1052631578947368,
U07,0.0931002537409464,0.0006601759668557,0.2594813725043987,30.0,0.1333333333333333,
U07,0.0716007351875305,0.0001683721663816,0.4775511877877371,8.0,0.25,
U07,0.0977527527582077,0.0012247137735265,0.4927728516714914,22.0,0.0454545454545454,2.0
U07,0.0827545097896031,0.0010709566092155,0.3016505241394043,8.0,0.0,2.0
U07,0.5721718490897835,5.923363627999795,0.2203342202066004,88.0,0.1931818181818181,
U07,0.5638598283131917,1.1192691522380716,0.2824722381120317,90.0,0.2,
U07,1.61315406113863,5.747105924587434,0.3047011061890484,74.0,0.6216216216216216,
U07,0.1379249691963195,0.0016870479429762,1.9779931704203289,4.0,0.0,
U07,2.7469060122966766,66.01054165110202,0.6898291721576597,83.0,0.4216867469879518,
U07,0.1074810862541198,0.0026153463863613,0.4654676989903525,64.0,0.046875,1.0
U07,0.1468309561411539,0.0154891586246637,7.892910861968994,6.0,0.1666666666666666,1.0
U07,0.1361055771509806,0.0023994778065422,1.190958833694458,6.0,0.0,
U07,0.1308705990131084,0.0062183665431581,0.2414013743400573,13.0,0.0,
U07,0.1182636756163377,0.007771754432392,0.6298083686828613,26.0,0.0384615384615384,
U07,1.15392395474694,29.68930888470752,0.2585996040610767,230.0,0.1,1.0
U07,0.0854880809783935,0.0005128870243311,1.471951575506301,22.0,0.1363636363636363,1.0
U07,0.2123994827270507,0.0637710127154207,5.749106100627354,8.0,0.0,
U07,0.1666409535841508,0.26158480881752,0.2403249848972667,111.0,0.072072072072072,
U07,0.1082486117758402,0.0079039348555513,0.8078621983528137,41.0,0.1951219512195122,
U07,0.1005253868718301,0.0017898789296776,0.3169250449196237,62.0,0.0,1.0
U07,16.38810420036316,490.3021577533418,1.2396356081351256,40.0,0.0,1.0
U07,0.1363663514455159,0.0049122652966651,1.934215750013079,15.0,0.0,
U07,0.1251244942347208,0.0263781087777735,0.5809589971469927,80.0,0.4,
U07,0.8731573257806167,21.06015914516086,0.2944450631286158,199.0,0.1959798994974874,
U07,0.1048103747544465,0.0018052883112962,0.258775273958842,55.0,0.0181818181818181,
U07,0.0949153284872731,0.000843861477213,0.2911673457014794,205.0,0.048780487804878,
U07,0.3107144659215753,0.7196984209020141,0.6035413783172081,59.0,0.1694915254237288,1.0
U07,0.1020109436728737,0.0011205139818452,1.6356518268585205,22.0,0.0,1.0
U07,1.2295750161291847,25.84895758065516,0.3683969730680639,89.0,0.247191011235955,
U07,0.0792595707640356,0.0009318585321282,0.9046414618222218,54.0,0.0555555555555555,
U07,0.1985450737616595,0.7630300045465357,0.4227621031970512,83.0,0.2771084337349397,1.0
U07,0.1109408537546793,0.004607820611088,1.6918026208877563,3.0,0.0,1.0
U07,0.0942859649658203,0.0009216230154152,0.3124380111694336,5.0,0.0,
U07,0.1994343144553048,0.0522564265018547,0.1975429693857829,16.0,0.625,
U07,0.096483564376831,0.0011447032779778,0.1531734466552734,5.0,0.0,1.0
U07,0.0906553798251681,0.0013403003931264,0.3546025156974792,9.0,0.0,1.0
U07,0.0995889532155004,0.0063760783402967,0.4247637294059576,87.0,0.0344827586206896,1.0
U07,0.092731720606486,0.00139559063858,0.3820129560944218,150.0,0.0333333333333333,1.0
U07,1.877201126239918,62.63098461729903,0.4147219824624228,144.0,0.1527777777777778,
U07,0.0992372035980224,0.0007056902159661,1.830898602803548,10.0,0.4,
U07,0.0948820908864339,0.0012789408217058,0.3967016245189466,39.0,0.0512820512820512,
U07,2.6052247326949547,35.91756431454119,1.1760317790202606,40.0,0.475,
U07,0.4266867041587829,0.0579377199657749,4.090962362289429,6.0,0.0,
U07,0.1218343888010297,0.0172937666848825,0.6887813774315087,38.0,0.2894736842105263,2.0
U07,0.0984858373800913,0.0018322879520363,0.982142334399016,24.0,0.375,2.0
U07,0.1261742158369584,0.0214364034486183,0.4430177688598632,56.0,0.0,
U07,0.0845404307047526,0.0022255171429262,0.1784699598948161,16.0,0.0,
U07,0.0896588928169674,0.0011984027563287,0.2290043192850032,72.0,0.0138888888888888,
U07,0.1108574027746496,0.0149994204818996,0.223542206627982,71.0,0.0422535211267605,1.0
U07,0.0871356725692749,0.0014179378780028,1.0227155950334337,10.0,0.1,1.0
U07,0.2199870245797293,0.0842821998026119,0.630129054973,39.0,0.0256410256410256,
U07,0.0943083763122558,0.0020634281228869,0.5625906549394131,65.0,0.1384615384615384,3.0
U07,0.0990392565727233,0.001486453455751,0.2051191329956054,8.0,0.0,3.0
U07,0.11710926464625768,0.001867114632644956,0.5724739193916321,21.0,0.0,
U07,0.1720478653907776,0.03349505644201528,0.35844094554583233,25.0,0.28,
U07,0.09143372682424691,0.0008305071613138611,0.989739735921224,13.0,0.23076923076923078,
